file;fraction_done_agents;total_reward;solve_time;is_solution_optimal;is_solved;NumAgents;w;h
./Envs/Test_0\Level_0.pkl;1.0;-6.0;4;True;True;1;10;10
./Envs/Test_0\Level_1.pkl;1.0;-9.0;3;True;True;1;10;10
./Envs/Test_0\Level_10.pkl;1.0;-6.0;3;True;True;1;10;10
./Envs/Test_0\Level_11.pkl;1.0;-9.0;4;True;True;1;10;10
./Envs/Test_0\Level_12.pkl;1.0;-5.0;3;True;True;1;10;10
./Envs/Test_0\Level_13.pkl;1.0;-8.0;3;True;True;1;10;10
./Envs/Test_0\Level_14.pkl;1.0;-10.0;3;True;True;1;10;10
./Envs/Test_0\Level_15.pkl;1.0;-5.0;3;True;True;1;10;10
./Envs/Test_0\Level_16.pkl;1.0;-6.0;3;True;True;1;10;10
./Envs/Test_0\Level_17.pkl;1.0;-6.0;3;True;True;1;10;10
./Envs/Test_0\Level_18.pkl;1.0;-5.0;3;True;True;1;10;10
./Envs/Test_0\Level_19.pkl;1.0;-8.0;4;True;True;1;10;10
./Envs/Test_0\Level_2.pkl;1.0;-6.0;4;True;True;1;10;10
./Envs/Test_0\Level_20.pkl;1.0;-7.0;3;True;True;1;10;10
./Envs/Test_0\Level_21.pkl;1.0;-7.0;4;True;True;1;10;10
./Envs/Test_0\Level_22.pkl;1.0;-13.0;4;True;True;1;10;10
./Envs/Test_0\Level_23.pkl;1.0;-6.0;3;True;True;1;10;10
./Envs/Test_0\Level_24.pkl;1.0;-9.0;4;True;True;1;10;10
./Envs/Test_0\Level_25.pkl;1.0;-11.0;3;True;True;1;10;10
./Envs/Test_0\Level_26.pkl;1.0;-7.0;3;True;True;1;10;10
./Envs/Test_0\Level_27.pkl;1.0;-10.0;4;True;True;1;10;10
./Envs/Test_0\Level_28.pkl;1.0;-10.0;3;True;True;1;10;10
./Envs/Test_0\Level_29.pkl;1.0;-5.0;3;True;True;1;10;10
./Envs/Test_0\Level_3.pkl;1.0;-10.0;4;True;True;1;10;10
./Envs/Test_0\Level_30.pkl;1.0;-6.0;3;True;True;1;10;10
./Envs/Test_0\Level_31.pkl;1.0;-5.0;3;True;True;1;10;10
./Envs/Test_0\Level_32.pkl;1.0;-10.0;4;True;True;1;10;10
./Envs/Test_0\Level_33.pkl;1.0;-6.0;4;True;True;1;10;10
./Envs/Test_0\Level_34.pkl;1.0;-10.0;4;True;True;1;10;10
./Envs/Test_0\Level_35.pkl;1.0;-10.0;3;True;True;1;10;10
./Envs/Test_0\Level_36.pkl;1.0;-5.0;3;True;True;1;10;10
./Envs/Test_0\Level_37.pkl;1.0;-6.0;4;True;True;1;10;10
./Envs/Test_0\Level_38.pkl;1.0;-11.0;4;True;True;1;10;10
./Envs/Test_0\Level_39.pkl;1.0;-5.0;3;True;True;1;10;10
./Envs/Test_0\Level_4.pkl;1.0;-6.0;3;True;True;1;10;10
./Envs/Test_0\Level_40.pkl;1.0;-11.0;3;True;True;1;10;10
./Envs/Test_0\Level_41.pkl;1.0;-12.0;4;True;True;1;10;10
./Envs/Test_0\Level_42.pkl;1.0;-9.0;4;True;True;1;10;10
./Envs/Test_0\Level_43.pkl;1.0;-5.0;3;True;True;1;10;10
./Envs/Test_0\Level_44.pkl;1.0;-11.0;4;True;True;1;10;10
./Envs/Test_0\Level_45.pkl;1.0;-11.0;4;True;True;1;10;10
./Envs/Test_0\Level_46.pkl;1.0;-5.0;3;True;True;1;10;10
./Envs/Test_0\Level_47.pkl;1.0;-5.0;3;True;True;1;10;10
./Envs/Test_0\Level_48.pkl;1.0;-7.0;3;True;True;1;10;10
./Envs/Test_0\Level_49.pkl;1.0;-9.0;4;True;True;1;10;10
./Envs/Test_0\Level_5.pkl;1.0;-7.0;3;True;True;1;10;10
./Envs/Test_0\Level_50.pkl;1.0;-7.0;4;True;True;1;10;10
./Envs/Test_0\Level_51.pkl;1.0;-7.0;3;True;True;1;10;10
./Envs/Test_0\Level_52.pkl;1.0;-5.0;3;True;True;1;10;10
./Envs/Test_0\Level_53.pkl;1.0;-8.0;3;True;True;1;10;10
./Envs/Test_0\Level_54.pkl;1.0;-7.0;4;True;True;1;10;10
./Envs/Test_0\Level_55.pkl;1.0;-7.0;4;True;True;1;10;10
./Envs/Test_0\Level_56.pkl;1.0;-8.0;4;True;True;1;10;10
./Envs/Test_0\Level_57.pkl;1.0;-9.0;5;True;True;1;10;10
./Envs/Test_0\Level_58.pkl;1.0;-5.0;3;True;True;1;10;10
./Envs/Test_0\Level_59.pkl;1.0;-10.0;4;True;True;1;10;10
./Envs/Test_0\Level_6.pkl;1.0;-6.0;3;True;True;1;10;10
./Envs/Test_0\Level_60.pkl;1.0;-10.0;5;True;True;1;10;10
./Envs/Test_0\Level_61.pkl;1.0;-6.0;4;True;True;1;10;10
./Envs/Test_0\Level_62.pkl;1.0;-11.0;4;True;True;1;10;10
./Envs/Test_0\Level_63.pkl;1.0;-11.0;4;True;True;1;10;10
./Envs/Test_0\Level_64.pkl;1.0;-6.0;4;True;True;1;10;10
./Envs/Test_0\Level_65.pkl;1.0;-8.0;4;True;True;1;10;10
./Envs/Test_0\Level_66.pkl;1.0;-6.0;3;True;True;1;10;10
./Envs/Test_0\Level_67.pkl;1.0;-12.0;3;True;True;1;10;10
./Envs/Test_0\Level_68.pkl;1.0;-5.0;3;True;True;1;10;10
./Envs/Test_0\Level_69.pkl;1.0;-6.0;3;True;True;1;10;10
./Envs/Test_0\Level_7.pkl;1.0;-9.0;4;True;True;1;10;10
./Envs/Test_0\Level_70.pkl;1.0;-9.0;3;True;True;1;10;10
./Envs/Test_0\Level_71.pkl;1.0;-9.0;4;True;True;1;10;10
./Envs/Test_0\Level_72.pkl;1.0;-7.0;4;True;True;1;10;10
./Envs/Test_0\Level_73.pkl;1.0;-7.0;4;True;True;1;10;10
./Envs/Test_0\Level_74.pkl;1.0;-5.0;3;True;True;1;10;10
./Envs/Test_0\Level_75.pkl;1.0;-9.0;4;True;True;1;10;10
./Envs/Test_0\Level_76.pkl;1.0;-10.0;3;True;True;1;10;10
./Envs/Test_0\Level_77.pkl;1.0;-7.0;2;True;True;1;10;10
./Envs/Test_0\Level_78.pkl;1.0;-7.0;3;True;True;1;10;10
./Envs/Test_0\Level_79.pkl;1.0;-6.0;3;True;True;1;10;10
./Envs/Test_0\Level_8.pkl;1.0;-11.0;4;True;True;1;10;10
./Envs/Test_0\Level_80.pkl;1.0;-12.0;4;True;True;1;10;10
./Envs/Test_0\Level_81.pkl;1.0;-7.0;4;True;True;1;10;10
./Envs/Test_0\Level_82.pkl;1.0;-6.0;3;True;True;1;10;10
./Envs/Test_0\Level_83.pkl;1.0;-7.0;4;True;True;1;10;10
./Envs/Test_0\Level_84.pkl;1.0;-5.0;3;True;True;1;10;10
./Envs/Test_0\Level_85.pkl;1.0;-6.0;3;True;True;1;10;10
./Envs/Test_0\Level_86.pkl;1.0;-11.0;4;True;True;1;10;10
./Envs/Test_0\Level_87.pkl;1.0;-9.0;3;True;True;1;10;10
./Envs/Test_0\Level_88.pkl;1.0;-7.0;4;True;True;1;10;10
./Envs/Test_0\Level_89.pkl;1.0;-5.0;3;True;True;1;10;10
./Envs/Test_0\Level_9.pkl;1.0;-7.0;3;True;True;1;10;10
./Envs/Test_0\Level_90.pkl;1.0;-5.0;3;True;True;1;10;10
./Envs/Test_0\Level_91.pkl;1.0;-7.0;3;True;True;1;10;10
./Envs/Test_0\Level_92.pkl;1.0;-8.0;3;True;True;1;10;10
./Envs/Test_0\Level_93.pkl;1.0;-6.0;3;True;True;1;10;10
./Envs/Test_0\Level_94.pkl;1.0;-11.0;4;True;True;1;10;10
./Envs/Test_0\Level_95.pkl;1.0;-5.0;2;True;True;1;10;10
./Envs/Test_0\Level_96.pkl;1.0;-7.0;2;True;True;1;10;10
./Envs/Test_0\Level_97.pkl;1.0;-10.0;3;True;True;1;10;10
./Envs/Test_0\Level_98.pkl;1.0;-12.0;3;True;True;1;10;10
./Envs/Test_0\Level_99.pkl;1.0;-5.0;3;True;True;1;10;10
./Envs/Test_1\Level_0.pkl;1.0;-22.0;7;True;True;3;10;10
./Envs/Test_1\Level_1.pkl;1.0;-20.0;7;True;True;3;10;10
./Envs/Test_1\Level_10.pkl;1.0;-28.0;9;True;True;3;10;10
./Envs/Test_1\Level_11.pkl;1.0;-25.0;8;True;True;3;10;10
./Envs/Test_1\Level_12.pkl;1.0;-21.0;12;True;True;3;10;10
./Envs/Test_1\Level_13.pkl;1.0;-22.0;7;True;True;3;10;10
./Envs/Test_1\Level_14.pkl;1.0;-30.0;9;True;True;3;10;10
./Envs/Test_1\Level_15.pkl;1.0;-19.0;6;True;True;3;10;10
./Envs/Test_1\Level_16.pkl;1.0;-27.0;16;True;True;3;10;10
./Envs/Test_1\Level_17.pkl;1.0;-19.0;6;True;True;3;10;10
./Envs/Test_1\Level_18.pkl;1.0;-17.0;7;True;True;3;10;10
./Envs/Test_1\Level_19.pkl;1.0;-21.0;9;True;True;3;10;10
./Envs/Test_1\Level_2.pkl;1.0;-23.0;8;True;True;3;10;10
./Envs/Test_1\Level_20.pkl;1.0;-31.0;12;True;True;3;10;10
./Envs/Test_1\Level_21.pkl;1.0;-20.0;6;True;True;3;10;10
./Envs/Test_1\Level_22.pkl;1.0;-32.0;17;True;True;3;10;10
./Envs/Test_1\Level_23.pkl;1.0;-22.0;9;True;True;3;10;10
./Envs/Test_1\Level_24.pkl;1.0;-25.0;11;True;True;3;10;10
./Envs/Test_1\Level_25.pkl;1.0;-34.0;23;True;True;3;10;10
./Envs/Test_1\Level_26.pkl;1.0;-17.0;5;True;True;3;10;10
./Envs/Test_1\Level_27.pkl;1.0;-30.0;18;True;True;3;10;10
./Envs/Test_1\Level_28.pkl;1.0;-26.0;9;True;True;3;10;10
./Envs/Test_1\Level_29.pkl;1.0;-18.0;8;True;True;3;10;10
./Envs/Test_1\Level_3.pkl;1.0;-24.0;9;True;True;3;10;10
./Envs/Test_1\Level_30.pkl;1.0;-23.0;16;True;True;3;10;10
./Envs/Test_1\Level_31.pkl;1.0;-19.0;5;True;True;3;10;10
./Envs/Test_1\Level_32.pkl;1.0;-27.0;10;True;True;3;10;10
./Envs/Test_1\Level_33.pkl;1.0;-28.0;23;True;True;3;10;10
./Envs/Test_1\Level_34.pkl;1.0;-31.0;20;True;True;3;10;10
./Envs/Test_1\Level_35.pkl;1.0;-28.0;18;True;True;3;10;10
./Envs/Test_1\Level_36.pkl;1.0;-26.0;10;True;True;3;10;10
./Envs/Test_1\Level_37.pkl;1.0;-16.0;5;True;True;3;10;10
./Envs/Test_1\Level_38.pkl;1.0;-25.0;13;True;True;3;10;10
./Envs/Test_1\Level_39.pkl;1.0;-17.0;8;True;True;3;10;10
./Envs/Test_1\Level_4.pkl;1.0;-23.0;10;True;True;3;10;10
./Envs/Test_1\Level_40.pkl;1.0;-22.0;9;True;True;3;10;10
./Envs/Test_1\Level_41.pkl;1.0;-33.0;22;True;True;3;10;10
./Envs/Test_1\Level_42.pkl;1.0;-21.0;16;True;True;3;10;10
./Envs/Test_1\Level_43.pkl;1.0;-20.0;9;True;True;3;10;10
./Envs/Test_1\Level_44.pkl;1.0;-26.0;14;True;True;3;10;10
./Envs/Test_1\Level_45.pkl;1.0;-24.0;7;True;True;3;10;10
./Envs/Test_1\Level_46.pkl;1.0;-23.0;5;True;True;3;10;10
./Envs/Test_1\Level_47.pkl;1.0;-19.0;9;True;True;3;10;10
./Envs/Test_1\Level_48.pkl;1.0;-24.0;12;True;True;3;10;10
./Envs/Test_1\Level_49.pkl;1.0;-20.0;8;True;True;3;10;10
./Envs/Test_1\Level_5.pkl;1.0;-30.0;21;True;True;3;10;10
./Envs/Test_1\Level_50.pkl;1.0;-22.0;8;True;True;3;10;10
./Envs/Test_1\Level_51.pkl;1.0;-20.0;7;True;True;3;10;10
./Envs/Test_1\Level_52.pkl;1.0;-22.0;12;True;True;3;10;10
./Envs/Test_1\Level_53.pkl;1.0;-22.0;9;True;True;3;10;10
./Envs/Test_1\Level_54.pkl;1.0;-19.0;12;True;True;3;10;10
./Envs/Test_1\Level_55.pkl;1.0;-21.0;13;True;True;3;10;10
./Envs/Test_1\Level_56.pkl;1.0;-33.0;9;True;True;3;10;10
./Envs/Test_1\Level_57.pkl;1.0;-22.0;8;True;True;3;10;10
./Envs/Test_1\Level_58.pkl;1.0;-19.0;5;True;True;3;10;10
./Envs/Test_1\Level_59.pkl;1.0;-27.0;12;True;True;3;10;10
./Envs/Test_1\Level_6.pkl;1.0;-24.0;11;True;True;3;10;10
./Envs/Test_1\Level_60.pkl;1.0;-24.0;9;True;True;3;10;10
./Envs/Test_1\Level_61.pkl;1.0;-18.0;5;True;True;3;10;10
./Envs/Test_1\Level_62.pkl;1.0;-30.0;19;True;True;3;10;10
./Envs/Test_1\Level_63.pkl;1.0;-27.0;12;True;True;3;10;10
./Envs/Test_1\Level_64.pkl;1.0;-18.0;5;True;True;3;10;10
./Envs/Test_1\Level_65.pkl;1.0;-27.0;13;True;True;3;10;10
./Envs/Test_1\Level_66.pkl;1.0;-20.0;8;True;True;3;10;10
./Envs/Test_1\Level_67.pkl;1.0;-27.0;12;True;True;3;10;10
./Envs/Test_1\Level_68.pkl;1.0;-23.0;8;True;True;3;10;10
./Envs/Test_1\Level_69.pkl;1.0;-21.0;7;True;True;3;10;10
./Envs/Test_1\Level_7.pkl;1.0;-26.0;9;True;True;3;10;10
./Envs/Test_1\Level_70.pkl;1.0;-28.0;19;True;True;3;10;10
./Envs/Test_1\Level_71.pkl;1.0;-20.0;4;True;True;3;10;10
./Envs/Test_1\Level_72.pkl;1.0;-33.0;19;True;True;3;10;10
./Envs/Test_1\Level_73.pkl;1.0;-24.0;8;True;True;3;10;10
./Envs/Test_1\Level_74.pkl;1.0;-20.0;5;True;True;3;10;10
./Envs/Test_1\Level_75.pkl;1.0;-29.0;10;True;True;3;10;10
./Envs/Test_1\Level_76.pkl;1.0;-23.0;11;True;True;3;10;10
./Envs/Test_1\Level_77.pkl;1.0;-21.0;8;True;True;3;10;10
./Envs/Test_1\Level_78.pkl;1.0;-27.0;19;True;True;3;10;10
./Envs/Test_1\Level_79.pkl;1.0;-24.0;16;True;True;3;10;10
./Envs/Test_1\Level_8.pkl;1.0;-32.0;12;True;True;3;10;10
./Envs/Test_1\Level_80.pkl;1.0;-24.0;11;True;True;3;10;10
./Envs/Test_1\Level_81.pkl;1.0;-25.0;8;True;True;3;10;10
./Envs/Test_1\Level_82.pkl;1.0;-17.0;7;True;True;3;10;10
./Envs/Test_1\Level_83.pkl;1.0;-20.0;6;True;True;3;10;10
./Envs/Test_1\Level_84.pkl;1.0;-21.0;11;True;True;3;10;10
./Envs/Test_1\Level_85.pkl;1.0;-21.0;9;True;True;3;10;10
./Envs/Test_1\Level_86.pkl;1.0;-25.0;13;True;True;3;10;10
./Envs/Test_1\Level_87.pkl;1.0;-34.0;12;True;True;3;10;10
./Envs/Test_1\Level_88.pkl;1.0;-24.0;6;True;True;3;10;10
./Envs/Test_1\Level_89.pkl;1.0;-22.0;9;True;True;3;10;10
./Envs/Test_1\Level_9.pkl;1.0;-23.0;11;True;True;3;10;10
./Envs/Test_1\Level_90.pkl;1.0;-20.0;13;True;True;3;10;10
./Envs/Test_1\Level_91.pkl;1.0;-29.0;13;True;True;3;10;10
./Envs/Test_1\Level_92.pkl;1.0;-26.0;11;True;True;3;10;10
./Envs/Test_1\Level_93.pkl;1.0;-21.0;9;True;True;3;10;10
./Envs/Test_1\Level_94.pkl;1.0;-29.0;20;True;True;3;10;10
./Envs/Test_1\Level_95.pkl;1.0;-20.0;7;True;True;3;10;10
./Envs/Test_1\Level_96.pkl;1.0;-19.0;9;True;True;3;10;10
./Envs/Test_1\Level_97.pkl;1.0;-29.0;12;True;True;3;10;10
./Envs/Test_1\Level_98.pkl;1.0;-25.0;12;True;True;3;10;10
./Envs/Test_1\Level_99.pkl;1.0;-22.0;11;True;True;3;10;10
./Envs/Test_2\Level_0.pkl;1.0;-36.0;23;True;True;5;10;10
./Envs/Test_2\Level_1.pkl;1.0;-30.0;13;True;True;5;10;10
./Envs/Test_2\Level_10.pkl;1.0;-43.0;19;True;True;5;10;10
./Envs/Test_2\Level_11.pkl;1.0;-37.0;16;True;True;5;10;10
./Envs/Test_2\Level_12.pkl;1.0;-41.0;18;True;True;5;10;10
./Envs/Test_2\Level_13.pkl;1.0;-40.0;21;True;True;5;10;10
./Envs/Test_2\Level_14.pkl;1.0;-51.0;29;True;True;5;10;10
./Envs/Test_2\Level_15.pkl;1.0;-36.0;14;True;True;5;10;10
./Envs/Test_2\Level_16.pkl;1.0;-43.0;42;True;True;5;10;10
./Envs/Test_2\Level_17.pkl;1.0;-37.0;22;True;True;5;10;10
./Envs/Test_2\Level_18.pkl;1.0;-29.0;13;True;True;5;10;10
./Envs/Test_2\Level_19.pkl;1.0;-42.0;24;True;True;5;10;10
./Envs/Test_2\Level_2.pkl;1.0;-43.0;24;True;True;5;10;10
./Envs/Test_2\Level_20.pkl;1.0;-53.0;231;True;True;5;10;10
./Envs/Test_2\Level_21.pkl;1.0;-45.0;23;True;True;5;10;10
./Envs/Test_2\Level_22.pkl;1.0;-51.0;25;True;True;5;10;10
./Envs/Test_2\Level_23.pkl;1.0;-36.0;16;True;True;5;10;10
./Envs/Test_2\Level_24.pkl;1.0;-44.0;21;True;True;5;10;10
./Envs/Test_2\Level_25.pkl;1.0;-54.0;165;True;True;5;10;10
./Envs/Test_2\Level_26.pkl;1.0;-41.0;20;True;True;5;10;10
./Envs/Test_2\Level_27.pkl;1.0;-57.0;382;True;True;5;10;10
./Envs/Test_2\Level_28.pkl;1.0;-42.0;25;True;True;5;10;10
./Envs/Test_2\Level_29.pkl;1.0;-32.0;14;True;True;5;10;10
./Envs/Test_2\Level_3.pkl;1.0;-47.0;25;True;True;5;10;10
./Envs/Test_2\Level_30.pkl;1.0;-38.0;21;True;True;5;10;10
./Envs/Test_2\Level_31.pkl;1.0;-32.0;14;True;True;5;10;10
./Envs/Test_2\Level_32.pkl;1.0;-49.0;24;True;True;5;10;10
./Envs/Test_2\Level_33.pkl;1.0;-40.0;26;True;True;5;10;10
./Envs/Test_2\Level_34.pkl;1.0;-48.0;27;True;True;5;10;10
./Envs/Test_2\Level_35.pkl;1.0;-44.0;33;True;True;5;10;10
./Envs/Test_2\Level_36.pkl;1.0;-42.0;47;True;True;5;10;10
./Envs/Test_2\Level_37.pkl;1.0;-31.0;16;True;True;5;10;10
./Envs/Test_2\Level_38.pkl;1.0;-38.0;25;True;True;5;10;10
./Envs/Test_2\Level_39.pkl;1.0;-36.0;24;True;True;5;10;10
./Envs/Test_2\Level_4.pkl;1.0;-42.0;26;True;True;5;10;10
./Envs/Test_2\Level_40.pkl;1.0;-36.0;14;True;True;5;10;10
./Envs/Test_2\Level_41.pkl;1.0;-63.0;493;True;True;5;10;10
./Envs/Test_2\Level_42.pkl;1.0;-38.0;46;True;True;5;10;10
./Envs/Test_2\Level_43.pkl;1.0;-38.0;15;True;True;5;10;10
./Envs/Test_2\Level_44.pkl;1.0;-41.0;28;True;True;5;10;10
./Envs/Test_2\Level_45.pkl;1.0;-44.0;22;True;True;5;10;10
./Envs/Test_2\Level_46.pkl;1.0;-41.0;51;True;True;5;10;10
./Envs/Test_2\Level_47.pkl;1.0;-34.0;19;True;True;5;10;10
./Envs/Test_2\Level_48.pkl;1.0;-39.0;27;True;True;5;10;10
./Envs/Test_2\Level_49.pkl;1.0;-33.0;19;True;True;5;10;10
./Envs/Test_2\Level_5.pkl;1.0;-38.0;25;True;True;5;10;10
./Envs/Test_2\Level_50.pkl;1.0;-33.0;15;True;True;5;10;10
./Envs/Test_2\Level_51.pkl;1.0;-38.0;14;True;True;5;10;10
./Envs/Test_2\Level_52.pkl;1.0;-39.0;22;True;True;5;10;10
./Envs/Test_2\Level_53.pkl;1.0;-34.0;16;True;True;5;10;10
./Envs/Test_2\Level_54.pkl;1.0;-33.0;27;True;True;5;10;10
./Envs/Test_2\Level_55.pkl;1.0;-35.0;23;True;True;5;10;10
./Envs/Test_2\Level_56.pkl;1.0;-58.0;34;True;True;5;10;10
./Envs/Test_2\Level_57.pkl;1.0;-35.0;20;True;True;5;10;10
./Envs/Test_2\Level_58.pkl;1.0;-35.0;18;True;True;5;10;10
./Envs/Test_2\Level_59.pkl;1.0;-43.0;22;True;True;5;10;10
./Envs/Test_2\Level_6.pkl;1.0;-42.0;20;True;True;5;10;10
./Envs/Test_2\Level_60.pkl;1.0;-39.0;19;True;True;5;10;10
./Envs/Test_2\Level_61.pkl;1.0;-36.0;20;True;True;5;10;10
./Envs/Test_2\Level_62.pkl;1.0;-46.0;23;True;True;5;10;10
./Envs/Test_2\Level_63.pkl;1.0;-49.0;58;True;True;5;10;10
./Envs/Test_2\Level_64.pkl;1.0;-32.0;12;True;True;5;10;10
./Envs/Test_2\Level_65.pkl;1.0;-41.0;19;True;True;5;10;10
./Envs/Test_2\Level_66.pkl;1.0;-47.0;27;True;True;5;10;10
./Envs/Test_2\Level_67.pkl;1.0;-42.0;24;True;True;5;10;10
./Envs/Test_2\Level_68.pkl;1.0;-39.0;21;True;True;5;10;10
./Envs/Test_2\Level_69.pkl;1.0;-37.0;17;True;True;5;10;10
./Envs/Test_2\Level_7.pkl;1.0;-55.0;372;True;True;5;10;10
./Envs/Test_2\Level_70.pkl;1.0;-38.0;17;True;True;5;10;10
./Envs/Test_2\Level_71.pkl;1.0;-40.0;21;True;True;5;10;10
./Envs/Test_2\Level_72.pkl;1.0;-47.0;24;True;True;5;10;10
./Envs/Test_2\Level_73.pkl;1.0;-39.0;22;True;True;5;10;10
./Envs/Test_2\Level_74.pkl;1.0;-37.0;18;True;True;5;10;10
./Envs/Test_2\Level_75.pkl;1.0;-42.0;25;True;True;5;10;10
./Envs/Test_2\Level_76.pkl;1.0;-46.0;28;True;True;5;10;10
./Envs/Test_2\Level_77.pkl;1.0;-38.0;21;True;True;5;10;10
./Envs/Test_2\Level_78.pkl;1.0;-53.0;31;True;True;5;10;10
./Envs/Test_2\Level_79.pkl;1.0;-47.0;31;True;True;5;10;10
./Envs/Test_2\Level_8.pkl;1.0;-55.0;32;True;True;5;10;10
./Envs/Test_2\Level_80.pkl;1.0;-43.0;23;True;True;5;10;10
./Envs/Test_2\Level_81.pkl;1.0;-43.0;22;True;True;5;10;10
./Envs/Test_2\Level_82.pkl;1.0;-44.0;19;True;True;5;10;10
./Envs/Test_2\Level_83.pkl;1.0;-36.0;16;True;True;5;10;10
./Envs/Test_2\Level_84.pkl;1.0;-37.0;21;True;True;5;10;10
./Envs/Test_2\Level_85.pkl;1.0;-32.0;16;True;True;5;10;10
./Envs/Test_2\Level_86.pkl;1.0;-40.0;26;True;True;5;10;10
./Envs/Test_2\Level_87.pkl;1.0;-57.0;25;True;True;5;10;10
./Envs/Test_2\Level_88.pkl;1.0;-42.0;20;True;True;5;10;10
./Envs/Test_2\Level_89.pkl;1.0;-38.0;15;True;True;5;10;10
./Envs/Test_2\Level_9.pkl;1.0;-43.0;21;True;True;5;10;10
./Envs/Test_2\Level_90.pkl;1.0;-34.0;16;True;True;5;10;10
./Envs/Test_2\Level_91.pkl;1.0;-53.0;30;True;True;5;10;10
./Envs/Test_2\Level_92.pkl;1.0;-44.0;20;True;True;5;10;10
./Envs/Test_2\Level_93.pkl;1.0;-36.0;17;True;True;5;10;10
./Envs/Test_2\Level_94.pkl;1.0;-43.0;19;True;True;5;10;10
./Envs/Test_2\Level_95.pkl;1.0;-33.0;18;True;True;5;10;10
./Envs/Test_2\Level_96.pkl;1.0;-41.0;63;True;True;5;10;10
./Envs/Test_2\Level_97.pkl;1.0;-45.0;26;True;True;5;10;10
./Envs/Test_2\Level_98.pkl;1.0;-46.0;23;True;True;5;10;10
./Envs/Test_2\Level_99.pkl;1.0;-41.0;33;True;True;5;10;10
./Envs/Test_3\Level_0.pkl;1.0;-188.0;185;True;True;10;30;10
./Envs/Test_3\Level_1.pkl;1.0;-108.0;53;True;True;10;30;10
./Envs/Test_3\Level_10.pkl;1.0;-156.0;85;True;True;10;30;10
./Envs/Test_3\Level_11.pkl;1.0;-138.0;86;True;True;10;30;10
./Envs/Test_3\Level_12.pkl;1.0;-140.0;60;True;True;10;30;10
./Envs/Test_3\Level_13.pkl;1.0;-172.0;123;True;True;10;30;10
./Envs/Test_3\Level_14.pkl;1.0;-147.0;73;True;True;10;30;10
./Envs/Test_3\Level_15.pkl;1.0;-166.0;95;True;True;10;30;10
./Envs/Test_3\Level_16.pkl;1.0;-155.0;116;True;True;10;30;10
./Envs/Test_3\Level_17.pkl;1.0;-155.0;85;True;True;10;30;10
./Envs/Test_3\Level_18.pkl;1.0;-121.0;56;True;True;10;30;10
./Envs/Test_3\Level_19.pkl;1.0;-154.0;91;True;True;10;30;10
./Envs/Test_3\Level_2.pkl;1.0;-124.0;68;True;True;10;30;10
./Envs/Test_3\Level_20.pkl;1.0;-176.0;188;True;True;10;30;10
./Envs/Test_3\Level_21.pkl;1.0;-118.0;66;True;True;10;30;10
./Envs/Test_3\Level_22.pkl;1.0;-145.0;117;True;True;10;30;10
./Envs/Test_3\Level_23.pkl;1.0;-161.0;116;True;True;10;30;10
./Envs/Test_3\Level_24.pkl;1.0;-124.0;63;True;True;10;30;10
./Envs/Test_3\Level_25.pkl;1.0;-156.0;119;True;True;10;30;10
./Envs/Test_3\Level_26.pkl;1.0;-174.0;130;True;True;10;30;10
./Envs/Test_3\Level_27.pkl;1.0;-211.0;173;True;True;10;30;10
./Envs/Test_3\Level_28.pkl;1.0;-217.0;185;True;True;10;30;10
./Envs/Test_3\Level_29.pkl;1.0;-195.0;450;True;True;10;30;10
./Envs/Test_3\Level_3.pkl;1.0;-143.0;75;True;True;10;30;10
./Envs/Test_3\Level_30.pkl;1.0;-137.0;80;True;True;10;30;10
./Envs/Test_3\Level_31.pkl;1.0;-189.0;166;True;True;10;30;10
./Envs/Test_3\Level_32.pkl;1.0;-159.0;124;True;True;10;30;10
./Envs/Test_3\Level_33.pkl;1.0;-154.0;122;True;True;10;30;10
./Envs/Test_3\Level_34.pkl;1.0;-143.0;76;True;True;10;30;10
./Envs/Test_3\Level_35.pkl;1.0;-155.0;94;True;True;10;30;10
./Envs/Test_3\Level_36.pkl;1.0;-162.0;108;True;True;10;30;10
./Envs/Test_3\Level_37.pkl;1.0;-106.0;60;True;True;10;30;10
./Envs/Test_3\Level_38.pkl;1.0;-143.0;88;True;True;10;30;10
./Envs/Test_3\Level_39.pkl;1.0;-137.0;109;True;True;10;30;10
./Envs/Test_3\Level_4.pkl;1.0;-171.0;114;True;True;10;30;10
./Envs/Test_3\Level_40.pkl;1.0;-157.0;133;True;True;10;30;10
./Envs/Test_3\Level_41.pkl;1.0;-135.0;83;True;True;10;30;10
./Envs/Test_3\Level_42.pkl;1.0;-142.0;93;True;True;10;30;10
./Envs/Test_3\Level_43.pkl;1.0;-159.0;100;True;True;10;30;10
./Envs/Test_3\Level_44.pkl;1.0;-178.0;108;True;True;10;30;10
./Envs/Test_3\Level_45.pkl;1.0;-160.0;296;True;True;10;30;10
./Envs/Test_3\Level_46.pkl;1.0;-175.0;97;True;True;10;30;10
./Envs/Test_3\Level_47.pkl;1.0;-140.0;92;True;True;10;30;10
./Envs/Test_3\Level_48.pkl;1.0;-162.0;97;True;True;10;30;10
./Envs/Test_3\Level_49.pkl;1.0;-177.0;385;True;True;10;30;10
./Envs/Test_3\Level_5.pkl;1.0;-149.0;707;True;True;10;30;10
./Envs/Test_3\Level_50.pkl;1.0;-166.0;124;True;True;10;30;10
./Envs/Test_3\Level_51.pkl;1.0;-169.0;146;True;True;10;30;10
./Envs/Test_3\Level_52.pkl;1.0;-169.0;146;True;True;10;30;10
./Envs/Test_3\Level_53.pkl;1.0;-132.0;79;True;True;10;30;10
./Envs/Test_3\Level_54.pkl;1.0;-177.0;125;True;True;10;30;10
./Envs/Test_3\Level_55.pkl;1.0;-117.0;49;True;True;10;30;10
./Envs/Test_3\Level_56.pkl;1.0;-182.0;462;True;True;10;30;10
./Envs/Test_3\Level_57.pkl;1.0;-140.0;76;True;True;10;30;10
./Envs/Test_3\Level_58.pkl;1.0;-150.0;292;True;True;10;30;10
./Envs/Test_3\Level_59.pkl;1.0;-109.0;61;True;True;10;30;10
./Envs/Test_3\Level_6.pkl;1.0;-160.0;1317;True;True;10;30;10
./Envs/Test_3\Level_60.pkl;1.0;-172.0;146;True;True;10;30;10
./Envs/Test_3\Level_61.pkl;1.0;-142.0;81;True;True;10;30;10
./Envs/Test_3\Level_62.pkl;1.0;-122.0;92;True;True;10;30;10
./Envs/Test_3\Level_63.pkl;1.0;-172.0;104;True;True;10;30;10
./Envs/Test_3\Level_64.pkl;1.0;-148.0;78;True;True;10;30;10
./Envs/Test_3\Level_65.pkl;1.0;-174.0;125;True;True;10;30;10
./Envs/Test_3\Level_66.pkl;1.0;-147.0;298;True;True;10;30;10
./Envs/Test_3\Level_67.pkl;1.0;-172.0;100;True;True;10;30;10
./Envs/Test_3\Level_68.pkl;1.0;-144.0;197;True;True;10;30;10
./Envs/Test_3\Level_69.pkl;1.0;-170.0;110;True;True;10;30;10
./Envs/Test_3\Level_7.pkl;1.0;-170.0;121;True;True;10;30;10
./Envs/Test_3\Level_70.pkl;1.0;-161.0;94;True;True;10;30;10
./Envs/Test_3\Level_71.pkl;1.0;-114.0;66;True;True;10;30;10
./Envs/Test_3\Level_72.pkl;1.0;-153.0;98;True;True;10;30;10
./Envs/Test_3\Level_73.pkl;1.0;-242.0;514;True;True;10;30;10
./Envs/Test_3\Level_74.pkl;1.0;-92.0;36;True;True;10;30;10
./Envs/Test_3\Level_75.pkl;1.0;-146.0;72;True;True;10;30;10
./Envs/Test_3\Level_76.pkl;1.0;-193.0;510;True;True;10;30;10
./Envs/Test_3\Level_77.pkl;1.0;-147.0;70;True;True;10;30;10
./Envs/Test_3\Level_78.pkl;1.0;-141.0;61;True;True;10;30;10
./Envs/Test_3\Level_79.pkl;1.0;-131.0;61;True;True;10;30;10
./Envs/Test_3\Level_8.pkl;1.0;-127.0;65;True;True;10;30;10
./Envs/Test_3\Level_80.pkl;1.0;-171.0;198;True;True;10;30;10
./Envs/Test_3\Level_81.pkl;1.0;-171.0;93;True;True;10;30;10
./Envs/Test_3\Level_82.pkl;1.0;-195.0;97;True;True;10;30;10
./Envs/Test_3\Level_83.pkl;1.0;-180.0;96;True;True;10;30;10
./Envs/Test_3\Level_84.pkl;1.0;-217.0;333;True;True;10;30;10
./Envs/Test_3\Level_85.pkl;1.0;-119.0;73;True;True;10;30;10
./Envs/Test_3\Level_86.pkl;1.0;-182.0;96;True;True;10;30;10
./Envs/Test_3\Level_87.pkl;1.0;-149.0;212;True;True;10;30;10
./Envs/Test_3\Level_88.pkl;1.0;-149.0;64;True;True;10;30;10
./Envs/Test_3\Level_89.pkl;1.0;-145.0;71;True;True;10;30;10
./Envs/Test_3\Level_9.pkl;1.0;-189.0;926;True;True;10;30;10
./Envs/Test_3\Level_90.pkl;1.0;-114.0;50;True;True;10;30;10
./Envs/Test_3\Level_91.pkl;1.0;-164.0;986;True;True;10;30;10
./Envs/Test_3\Level_92.pkl;1.0;-164.0;74;True;True;10;30;10
./Envs/Test_3\Level_93.pkl;1.0;-141.0;82;True;True;10;30;10
./Envs/Test_3\Level_94.pkl;1.0;-151.0;69;True;True;10;30;10
./Envs/Test_3\Level_95.pkl;1.0;-170.0;86;True;True;10;30;10
./Envs/Test_3\Level_96.pkl;1.0;-147.0;474;True;True;10;30;10
./Envs/Test_3\Level_97.pkl;1.0;-190.0;643;True;True;10;30;10
./Envs/Test_3\Level_98.pkl;1.0;-165.0;83;True;True;10;30;10
./Envs/Test_3\Level_99.pkl;1.0;-182.0;220;True;True;10;30;10
./Envs/Test_4\Level_0.pkl;1.0;-222.0;925;True;True;10;20;20
./Envs/Test_4\Level_1.pkl;1.0;-213.0;1252;True;True;10;20;20
./Envs/Test_4\Level_10.pkl;1.0;-233.0;343;True;True;10;20;20
./Envs/Test_4\Level_11.pkl;1.0;-166.0;84;True;True;10;20;20
./Envs/Test_4\Level_12.pkl;1.0;-235.0;939;True;True;10;20;20
./Envs/Test_4\Level_13.pkl;1.0;-216.0;2691;True;True;10;20;20
./Envs/Test_4\Level_14.pkl;1.0;-222.0;772;True;True;10;20;20
./Envs/Test_4\Level_15.pkl;1.0;-212.0;155;True;True;10;20;20
./Envs/Test_4\Level_16.pkl;1.0;-207.0;371;True;True;10;20;20
./Envs/Test_4\Level_17.pkl;1.0;-208.0;601;True;True;10;20;20
./Envs/Test_4\Level_18.pkl;1.0;-201.0;788;True;True;10;20;20
./Envs/Test_4\Level_19.pkl;1.0;-229.0;269;True;True;10;20;20
./Envs/Test_4\Level_2.pkl;1.0;-182.0;170;True;True;10;20;20
./Envs/Test_4\Level_20.pkl;1.0;-186.0;716;True;True;10;20;20
./Envs/Test_4\Level_21.pkl;1.0;-201.0;120;True;True;10;20;20
./Envs/Test_4\Level_22.pkl;1.0;-205.0;866;True;True;10;20;20
./Envs/Test_4\Level_23.pkl;1.0;-203.0;162;True;True;10;20;20
./Envs/Test_4\Level_24.pkl;1.0;-195.0;393;True;True;10;20;20
./Envs/Test_4\Level_25.pkl;1.0;-208.0;547;True;True;10;20;20
./Envs/Test_4\Level_26.pkl;1.0;-201.0;167;True;True;10;20;20
./Envs/Test_4\Level_27.pkl;1.0;-186.0;100;True;True;10;20;20
./Envs/Test_4\Level_28.pkl;1.0;-159.0;70;True;True;10;20;20
./Envs/Test_4\Level_29.pkl;1.0;-204.0;100;True;True;10;20;20
./Envs/Test_4\Level_3.pkl;1.0;-208.0;179;True;True;10;20;20
./Envs/Test_4\Level_30.pkl;1.0;-171.0;135;True;True;10;20;20
./Envs/Test_4\Level_31.pkl;1.0;-206.0;174;True;True;10;20;20
./Envs/Test_4\Level_32.pkl;1.0;-162.0;72;True;True;10;20;20
./Envs/Test_4\Level_33.pkl;1.0;-185.0;105;True;True;10;20;20
./Envs/Test_4\Level_34.pkl;1.0;-204.0;96;True;True;10;20;20
./Envs/Test_4\Level_35.pkl;1.0;-207.0;294;True;True;10;20;20
./Envs/Test_4\Level_36.pkl;1.0;-178.0;113;True;True;10;20;20
./Envs/Test_4\Level_37.pkl;1.0;-202.0;103;True;True;10;20;20
./Envs/Test_4\Level_38.pkl;1.0;-254.0;3424;True;True;10;20;20
./Envs/Test_4\Level_39.pkl;1.0;-203.0;1849;True;True;10;20;20
./Envs/Test_4\Level_4.pkl;1.0;-188.0;112;True;True;10;20;20
./Envs/Test_4\Level_40.pkl;1.0;-178.0;103;True;True;10;20;20
./Envs/Test_4\Level_41.pkl;1.0;-200.0;198;True;True;10;20;20
./Envs/Test_4\Level_42.pkl;1.0;-164.0;340;True;True;10;20;20
./Envs/Test_4\Level_43.pkl;1.0;-172.0;75;True;True;10;20;20
./Envs/Test_4\Level_44.pkl;1.0;-176.0;99;True;True;10;20;20
./Envs/Test_4\Level_45.pkl;1.0;-209.0;125;True;True;10;20;20
./Envs/Test_4\Level_46.pkl;1.0;-211.0;168;True;True;10;20;20
./Envs/Test_4\Level_47.pkl;1.0;-197.0;103;True;True;10;20;20
./Envs/Test_4\Level_48.pkl;1.0;-168.0;84;True;True;10;20;20
./Envs/Test_4\Level_49.pkl;1.0;-211.0;742;True;True;10;20;20
./Envs/Test_4\Level_5.pkl;1.0;-173.0;113;True;True;10;20;20
./Envs/Test_4\Level_50.pkl;1.0;-188.0;355;True;True;10;20;20
./Envs/Test_4\Level_51.pkl;1.0;-175.0;112;True;True;10;20;20
./Envs/Test_4\Level_52.pkl;1.0;-201.0;147;True;True;10;20;20
./Envs/Test_4\Level_53.pkl;1.0;-184.0;106;True;True;10;20;20
./Envs/Test_4\Level_54.pkl;1.0;-215.0;175;True;True;10;20;20
./Envs/Test_4\Level_55.pkl;1.0;-225.0;520;True;True;10;20;20
./Envs/Test_4\Level_56.pkl;1.0;-178.0;260;True;True;10;20;20
./Envs/Test_4\Level_57.pkl;1.0;-206.0;157;True;True;10;20;20
./Envs/Test_4\Level_58.pkl;1.0;-189.0;1020;True;True;10;20;20
./Envs/Test_4\Level_59.pkl;1.0;-217.0;1163;True;True;10;20;20
./Envs/Test_4\Level_6.pkl;1.0;-225.0;910;True;True;10;20;20
./Envs/Test_4\Level_60.pkl;1.0;-201.0;1569;True;True;10;20;20
./Envs/Test_4\Level_61.pkl;1.0;-172.0;109;True;True;10;20;20
./Envs/Test_4\Level_62.pkl;1.0;-221.0;619;True;True;10;20;20
./Envs/Test_4\Level_63.pkl;1.0;-176.0;101;True;True;10;20;20
./Envs/Test_4\Level_64.pkl;1.0;-204.0;345;True;True;10;20;20
./Envs/Test_4\Level_65.pkl;1.0;-207.0;167;True;True;10;20;20
./Envs/Test_4\Level_66.pkl;1.0;-198.0;157;True;True;10;20;20
./Envs/Test_4\Level_67.pkl;1.0;-192.0;1344;True;True;10;20;20
./Envs/Test_4\Level_68.pkl;1.0;-231.0;1072;True;True;10;20;20
./Envs/Test_4\Level_69.pkl;1.0;-200.0;180;True;True;10;20;20
./Envs/Test_4\Level_7.pkl;1.0;-189.0;569;True;True;10;20;20
./Envs/Test_4\Level_70.pkl;1.0;-163.0;125;True;True;10;20;20
./Envs/Test_4\Level_71.pkl;1.0;-198.0;167;True;True;10;20;20
./Envs/Test_4\Level_72.pkl;1.0;-203.0;1042;True;True;10;20;20
./Envs/Test_4\Level_73.pkl;1.0;-211.0;159;True;True;10;20;20
./Envs/Test_4\Level_74.pkl;1.0;-202.0;1333;True;True;10;20;20
./Envs/Test_4\Level_75.pkl;1.0;-206.0;941;True;True;10;20;20
./Envs/Test_4\Level_76.pkl;1.0;-174.0;107;True;True;10;20;20
./Envs/Test_4\Level_77.pkl;1.0;-186.0;172;True;True;10;20;20
./Envs/Test_4\Level_78.pkl;1.0;-215.0;3479;True;True;10;20;20
./Envs/Test_4\Level_79.pkl;1.0;-210.0;121;True;True;10;20;20
./Envs/Test_4\Level_8.pkl;1.0;-180.0;90;True;True;10;20;20
./Envs/Test_4\Level_80.pkl;1.0;-199.0;1076;True;True;10;20;20
./Envs/Test_4\Level_81.pkl;1.0;-178.0;568;True;True;10;20;20
./Envs/Test_4\Level_82.pkl;1.0;-186.0;248;True;True;10;20;20
./Envs/Test_4\Level_83.pkl;1.0;-183.0;152;True;True;10;20;20
./Envs/Test_4\Level_84.pkl;1.0;-221.0;1081;True;True;10;20;20
./Envs/Test_4\Level_85.pkl;1.0;-188.0;113;True;True;10;20;20
./Envs/Test_4\Level_86.pkl;1.0;-228.0;1484;True;True;10;20;20
./Envs/Test_4\Level_87.pkl;1.0;-205.0;292;True;True;10;20;20
./Envs/Test_4\Level_88.pkl;1.0;-172.0;109;True;True;10;20;20
./Envs/Test_4\Level_89.pkl;1.0;-199.0;239;True;True;10;20;20
./Envs/Test_4\Level_9.pkl;1.0;-209.0;235;True;True;10;20;20
./Envs/Test_4\Level_90.pkl;1.0;-186.0;619;True;True;10;20;20
./Envs/Test_4\Level_91.pkl;1.0;-218.0;214;True;True;10;20;20
./Envs/Test_4\Level_92.pkl;1.0;-181.0;119;True;True;10;20;20
./Envs/Test_4\Level_93.pkl;1.0;-210.0;333;True;True;10;20;20
./Envs/Test_4\Level_94.pkl;1.0;-191.0;132;True;True;10;20;20
./Envs/Test_4\Level_95.pkl;1.0;-183.0;147;True;True;10;20;20
./Envs/Test_4\Level_96.pkl;1.0;-189.0;128;True;True;10;20;20
./Envs/Test_4\Level_97.pkl;1.0;-195.0;347;True;True;10;20;20
./Envs/Test_4\Level_98.pkl;1.0;-172.0;131;True;True;10;20;20
./Envs/Test_4\Level_99.pkl;1.0;-184.0;1311;True;True;10;20;20
./Envs/Test_5\Level_0.pkl;1.0;-357.0;491;True;True;15;20;40
./Envs/Test_5\Level_1.pkl;1.0;-439.0;412;True;True;15;20;40
./Envs/Test_5\Level_10.pkl;1.0;-432.0;3660;True;True;15;20;40
./Envs/Test_5\Level_11.pkl;1.0;-398.0;408;True;True;15;20;40
./Envs/Test_5\Level_12.pkl;1.0;-440.0;419;True;True;15;20;40
./Envs/Test_5\Level_13.pkl;1.0;-352.0;931;True;True;15;20;40
./Envs/Test_5\Level_14.pkl;1.0;-421.0;527;True;True;15;20;40
./Envs/Test_5\Level_15.pkl;1.0;-399.0;4493;True;True;15;20;40
./Envs/Test_5\Level_16.pkl;1.0;-390.0;464;True;True;15;20;40
./Envs/Test_5\Level_17.pkl;1.0;-395.0;580;True;True;15;20;40
./Envs/Test_5\Level_18.pkl;1.0;-475.0;457;True;True;15;20;40
./Envs/Test_5\Level_19.pkl;1.0;-439.0;1581;True;True;15;20;40
./Envs/Test_5\Level_2.pkl;1.0;-422.0;551;True;True;15;20;40
./Envs/Test_5\Level_20.pkl;1.0;-389.0;330;True;True;15;20;40
./Envs/Test_5\Level_21.pkl;1.0;-464.0;573;True;True;15;20;40
./Envs/Test_5\Level_22.pkl;1.0;-376.0;608;True;True;15;20;40
./Envs/Test_5\Level_23.pkl;1.0;-358.0;307;True;True;15;20;40
./Envs/Test_5\Level_24.pkl;1.0;-348.0;320;True;True;15;20;40
./Envs/Test_5\Level_25.pkl;1.0;-371.0;333;True;True;15;20;40
./Envs/Test_5\Level_26.pkl;1.0;-396.0;371;True;True;15;20;40
./Envs/Test_5\Level_27.pkl;1.0;-482.0;557;True;True;15;20;40
./Envs/Test_5\Level_28.pkl;1.0;-440.0;7899;True;True;15;20;40
./Envs/Test_5\Level_29.pkl;1.0;-377.0;624;True;True;15;20;40
./Envs/Test_5\Level_3.pkl;1.0;-437.0;5111;True;True;15;20;40
./Envs/Test_5\Level_30.pkl;1.0;-385.0;368;True;True;15;20;40
./Envs/Test_5\Level_31.pkl;1.0;-395.0;966;True;True;15;20;40
./Envs/Test_5\Level_32.pkl;1.0;-336.0;303;True;True;15;20;40
./Envs/Test_5\Level_33.pkl;1.0;-447.0;510;True;True;15;20;40
./Envs/Test_5\Level_34.pkl;1.0;-464.0;1241;True;True;15;20;40
./Envs/Test_5\Level_35.pkl;1.0;-424.0;727;True;True;15;20;40
./Envs/Test_5\Level_36.pkl;1.0;-380.0;2245;True;True;15;20;40
./Envs/Test_5\Level_37.pkl;1.0;-391.0;611;True;True;15;20;40
./Envs/Test_5\Level_38.pkl;1.0;-339.0;296;True;True;15;20;40
./Envs/Test_5\Level_39.pkl;1.0;-341.0;1687;True;True;15;20;40
./Envs/Test_5\Level_4.pkl;1.0;-376.0;2271;True;True;15;20;40
./Envs/Test_5\Level_40.pkl;1.0;-418.0;536;True;True;15;20;40
./Envs/Test_5\Level_41.pkl;1.0;-414.0;447;True;True;15;20;40
./Envs/Test_5\Level_42.pkl;1.0;-471.0;3255;True;True;15;20;40
./Envs/Test_5\Level_43.pkl;1.0;-447.0;398;True;True;15;20;40
./Envs/Test_5\Level_44.pkl;1.0;-395.0;299;True;True;15;20;40
./Envs/Test_5\Level_45.pkl;1.0;-411.0;2932;True;True;15;20;40
./Envs/Test_5\Level_46.pkl;1.0;-422.0;907;True;True;15;20;40
./Envs/Test_5\Level_47.pkl;1.0;-420.0;627;True;True;15;20;40
./Envs/Test_5\Level_48.pkl;1.0;-373.0;1343;True;True;15;20;40
./Envs/Test_5\Level_49.pkl;1.0;-347.0;257;True;True;15;20;40
./Envs/Test_5\Level_5.pkl;1.0;-371.0;1760;True;True;15;20;40
./Envs/Test_5\Level_50.pkl;1.0;-404.0;607;True;True;15;20;40
./Envs/Test_5\Level_51.pkl;1.0;-347.0;302;True;True;15;20;40
./Envs/Test_5\Level_52.pkl;1.0;-365.0;1044;True;True;15;20;40
./Envs/Test_5\Level_53.pkl;1.0;-393.0;447;True;True;15;20;40
./Envs/Test_5\Level_54.pkl;1.0;-385.0;361;True;True;15;20;40
./Envs/Test_5\Level_55.pkl;1.0;-346.0;281;True;True;15;20;40
./Envs/Test_5\Level_56.pkl;1.0;-407.0;868;True;True;15;20;40
./Envs/Test_5\Level_57.pkl;1.0;-420.0;409;True;True;15;20;40
./Envs/Test_5\Level_58.pkl;1.0;-387.0;379;True;True;15;20;40
./Envs/Test_5\Level_59.pkl;1.0;-346.0;3537;True;True;15;20;40
./Envs/Test_5\Level_6.pkl;1.0;-380.0;1056;True;True;15;20;40
./Envs/Test_5\Level_60.pkl;1.0;-361.0;283;True;True;15;20;40
./Envs/Test_5\Level_61.pkl;1.0;-358.0;399;True;True;15;20;40
./Envs/Test_5\Level_62.pkl;1.0;-428.0;1482;True;True;15;20;40
./Envs/Test_5\Level_63.pkl;1.0;-465.0;7461;True;True;15;20;40
./Envs/Test_5\Level_64.pkl;1.0;-416.0;604;True;True;15;20;40
./Envs/Test_5\Level_65.pkl;1.0;-393.0;446;True;True;15;20;40
./Envs/Test_5\Level_66.pkl;1.0;-362.0;509;True;True;15;20;40
./Envs/Test_5\Level_67.pkl;1.0;-405.0;3432;True;True;15;20;40
./Envs/Test_5\Level_68.pkl;1.0;-410.0;1796;True;True;15;20;40
./Envs/Test_5\Level_69.pkl;1.0;-356.0;358;True;True;15;20;40
./Envs/Test_5\Level_7.pkl;1.0;-394.0;432;True;True;15;20;40
./Envs/Test_5\Level_70.pkl;1.0;-377.0;572;True;True;15;20;40
./Envs/Test_5\Level_71.pkl;1.0;-400.0;549;True;True;15;20;40
./Envs/Test_5\Level_72.pkl;1.0;-386.0;854;True;True;15;20;40
./Envs/Test_5\Level_73.pkl;1.0;-441.0;518;True;True;15;20;40
./Envs/Test_5\Level_74.pkl;1.0;-471.0;1845;True;True;15;20;40
./Envs/Test_5\Level_75.pkl;1.0;-381.0;1199;True;True;15;20;40
./Envs/Test_5\Level_76.pkl;1.0;-419.0;1709;True;True;15;20;40
./Envs/Test_5\Level_77.pkl;1.0;-343.0;564;True;True;15;20;40
./Envs/Test_5\Level_78.pkl;1.0;-435.0;1366;True;True;15;20;40
./Envs/Test_5\Level_79.pkl;1.0;-400.0;804;True;True;15;20;40
./Envs/Test_5\Level_8.pkl;1.0;-438.0;397;True;True;15;20;40
./Envs/Test_5\Level_80.pkl;1.0;-303.0;232;True;True;15;20;40
./Envs/Test_5\Level_81.pkl;1.0;-378.0;322;True;True;15;20;40
./Envs/Test_5\Level_82.pkl;1.0;-438.0;2320;True;True;15;20;40
./Envs/Test_5\Level_83.pkl;1.0;-409.0;839;True;True;15;20;40
./Envs/Test_5\Level_84.pkl;1.0;-423.0;1107;True;True;15;20;40
./Envs/Test_5\Level_85.pkl;1.0;-492.0;5409;True;True;15;20;40
./Envs/Test_5\Level_86.pkl;1.0;-358.0;5593;True;True;15;20;40
./Envs/Test_5\Level_87.pkl;1.0;-371.0;557;True;True;15;20;40
./Envs/Test_5\Level_88.pkl;1.0;-469.0;5519;True;True;15;20;40
./Envs/Test_5\Level_89.pkl;1.0;-418.0;1597;True;True;15;20;40
./Envs/Test_5\Level_9.pkl;1.0;-351.0;336;True;True;15;20;40
./Envs/Test_5\Level_90.pkl;1.0;-393.0;311;True;True;15;20;40
./Envs/Test_5\Level_91.pkl;1.0;-331.0;966;True;True;15;20;40
./Envs/Test_5\Level_92.pkl;1.0;-427.0;620;True;True;15;20;40
./Envs/Test_5\Level_93.pkl;1.0;-390.0;1076;True;True;15;20;40
./Envs/Test_5\Level_94.pkl;1.0;-368.0;362;True;True;15;20;40
./Envs/Test_5\Level_95.pkl;1.0;-398.0;674;True;True;15;20;40
./Envs/Test_5\Level_96.pkl;1.0;-379.0;325;True;True;15;20;40
./Envs/Test_5\Level_97.pkl;1.0;-395.0;374;True;True;15;20;40
./Envs/Test_5\Level_98.pkl;1.0;-392.0;1055;True;True;15;20;40
./Envs/Test_5\Level_99.pkl;1.0;-331.0;216;True;True;15;20;40
./Envs/Test_6\Level_0.pkl;1.0;-548.0;371;True;True;10;50;50
./Envs/Test_6\Level_1.pkl;1.0;-492.0;359;True;True;10;50;50
./Envs/Test_6\Level_10.pkl;1.0;-505.0;538;True;True;10;50;50
./Envs/Test_6\Level_11.pkl;1.0;-536.0;482;True;True;10;50;50
./Envs/Test_6\Level_12.pkl;1.0;-543.0;517;True;True;10;50;50
./Envs/Test_6\Level_13.pkl;1.0;-517.0;399;True;True;10;50;50
./Envs/Test_6\Level_14.pkl;1.0;-514.0;425;True;True;10;50;50
./Envs/Test_6\Level_15.pkl;1.0;-457.0;515;True;True;10;50;50
./Envs/Test_6\Level_16.pkl;1.0;-498.0;491;True;True;10;50;50
./Envs/Test_6\Level_17.pkl;1.0;-501.0;582;True;True;10;50;50
./Envs/Test_6\Level_18.pkl;1.0;-462.0;348;True;True;10;50;50
./Envs/Test_6\Level_19.pkl;1.0;-497.0;404;True;True;10;50;50
./Envs/Test_6\Level_2.pkl;1.0;-437.0;1154;True;True;10;50;50
./Envs/Test_6\Level_20.pkl;1.0;-492.0;353;True;True;10;50;50
./Envs/Test_6\Level_21.pkl;1.0;-452.0;328;True;True;10;50;50
./Envs/Test_6\Level_22.pkl;1.0;-522.0;450;True;True;10;50;50
./Envs/Test_6\Level_23.pkl;1.0;-534.0;509;True;True;10;50;50
./Envs/Test_6\Level_24.pkl;1.0;-516.0;463;True;True;10;50;50
./Envs/Test_6\Level_25.pkl;1.0;-471.0;681;True;True;10;50;50
./Envs/Test_6\Level_26.pkl;1.0;-534.0;1909;True;True;10;50;50
./Envs/Test_6\Level_27.pkl;1.0;-484.0;4250;True;True;10;50;50
./Envs/Test_6\Level_28.pkl;1.0;-578.0;600;True;True;10;50;50
./Envs/Test_6\Level_29.pkl;1.0;-424.0;347;True;True;10;50;50
./Envs/Test_6\Level_3.pkl;1.0;-516.0;492;True;True;10;50;50
./Envs/Test_6\Level_30.pkl;1.0;-493.0;414;True;True;10;50;50
./Envs/Test_6\Level_31.pkl;1.0;-430.0;284;True;True;10;50;50
./Envs/Test_6\Level_32.pkl;1.0;-620.0;1467;True;True;10;50;50
./Envs/Test_6\Level_33.pkl;1.0;-486.0;347;True;True;10;50;50
./Envs/Test_6\Level_34.pkl;1.0;-542.0;439;True;True;10;50;50
./Envs/Test_6\Level_35.pkl;1.0;-443.0;325;True;True;10;50;50
./Envs/Test_6\Level_36.pkl;1.0;-519.0;1333;True;True;10;50;50
./Envs/Test_6\Level_37.pkl;1.0;-496.0;408;True;True;10;50;50
./Envs/Test_6\Level_38.pkl;1.0;-444.0;363;True;True;10;50;50
./Envs/Test_6\Level_39.pkl;1.0;-428.0;403;True;True;10;50;50
./Envs/Test_6\Level_4.pkl;1.0;-554.0;460;False;True;10;50;50
./Envs/Test_6\Level_40.pkl;1.0;-556.0;1873;True;True;10;50;50
./Envs/Test_6\Level_41.pkl;1.0;-480.0;778;True;True;10;50;50
./Envs/Test_6\Level_42.pkl;1.0;-449.0;321;True;True;10;50;50
./Envs/Test_6\Level_43.pkl;1.0;-529.0;588;True;True;10;50;50
./Envs/Test_6\Level_44.pkl;1.0;-454.0;593;True;True;10;50;50
./Envs/Test_6\Level_45.pkl;1.0;-543.0;429;True;True;10;50;50
./Envs/Test_6\Level_46.pkl;1.0;-518.0;429;True;True;10;50;50
./Envs/Test_6\Level_47.pkl;1.0;-535.0;760;True;True;10;50;50
./Envs/Test_6\Level_48.pkl;1.0;-489.0;408;True;True;10;50;50
./Envs/Test_6\Level_49.pkl;1.0;-485.0;356;True;True;10;50;50
./Envs/Test_6\Level_5.pkl;1.0;-526.0;753;True;True;10;50;50
./Envs/Test_6\Level_50.pkl;1.0;-465.0;389;True;True;10;50;50
./Envs/Test_6\Level_51.pkl;1.0;-441.0;280;True;True;10;50;50
./Envs/Test_6\Level_52.pkl;1.0;-484.0;835;True;True;10;50;50
./Envs/Test_6\Level_53.pkl;1.0;-480.0;402;True;True;10;50;50
./Envs/Test_6\Level_54.pkl;1.0;-515.0;672;True;True;10;50;50
./Envs/Test_6\Level_55.pkl;1.0;-430.0;312;True;True;10;50;50
./Envs/Test_6\Level_56.pkl;1.0;-442.0;325;True;True;10;50;50
./Envs/Test_6\Level_57.pkl;1.0;-479.0;370;True;True;10;50;50
./Envs/Test_6\Level_58.pkl;1.0;-519.0;626;True;True;10;50;50
./Envs/Test_6\Level_59.pkl;1.0;-445.0;272;True;True;10;50;50
./Envs/Test_6\Level_6.pkl;1.0;-505.0;371;True;True;10;50;50
./Envs/Test_6\Level_60.pkl;1.0;-467.0;355;True;True;10;50;50
./Envs/Test_6\Level_61.pkl;1.0;-508.0;354;True;True;10;50;50
./Envs/Test_6\Level_62.pkl;1.0;-529.0;421;True;True;10;50;50
./Envs/Test_6\Level_63.pkl;1.0;-569.0;510;True;True;10;50;50
./Envs/Test_6\Level_64.pkl;1.0;-466.0;376;True;True;10;50;50
./Envs/Test_6\Level_65.pkl;1.0;-464.0;327;True;True;10;50;50
./Envs/Test_6\Level_66.pkl;1.0;-490.0;410;True;True;10;50;50
./Envs/Test_6\Level_67.pkl;1.0;-495.0;373;True;True;10;50;50
./Envs/Test_6\Level_68.pkl;1.0;-510.0;383;True;True;10;50;50
./Envs/Test_6\Level_69.pkl;1.0;-549.0;749;True;True;10;50;50
./Envs/Test_6\Level_7.pkl;1.0;-564.0;533;True;True;10;50;50
./Envs/Test_6\Level_70.pkl;1.0;-479.0;360;True;True;10;50;50
./Envs/Test_6\Level_71.pkl;1.0;-462.0;309;True;True;10;50;50
./Envs/Test_6\Level_72.pkl;1.0;-472.0;432;True;True;10;50;50
./Envs/Test_6\Level_73.pkl;1.0;-494.0;458;True;True;10;50;50
./Envs/Test_6\Level_74.pkl;1.0;-586.0;1638;True;True;10;50;50
./Envs/Test_6\Level_75.pkl;1.0;-538.0;437;True;True;10;50;50
./Envs/Test_6\Level_76.pkl;1.0;-455.0;558;True;True;10;50;50
./Envs/Test_6\Level_77.pkl;1.0;-505.0;382;True;True;10;50;50
./Envs/Test_6\Level_78.pkl;1.0;-477.0;303;True;True;10;50;50
./Envs/Test_6\Level_79.pkl;1.0;-487.0;417;True;True;10;50;50
./Envs/Test_6\Level_8.pkl;1.0;-575.0;498;True;True;10;50;50
./Envs/Test_6\Level_80.pkl;1.0;-503.0;374;True;True;10;50;50
./Envs/Test_6\Level_81.pkl;1.0;-495.0;418;True;True;10;50;50
./Envs/Test_6\Level_82.pkl;1.0;-499.0;379;True;True;10;50;50
./Envs/Test_6\Level_83.pkl;1.0;-502.0;413;True;True;10;50;50
./Envs/Test_6\Level_84.pkl;1.0;-447.0;289;True;True;10;50;50
./Envs/Test_6\Level_85.pkl;1.0;-460.0;363;True;True;10;50;50
./Envs/Test_6\Level_86.pkl;1.0;-472.0;334;True;True;10;50;50
./Envs/Test_6\Level_87.pkl;1.0;-526.0;386;True;True;10;50;50
./Envs/Test_6\Level_88.pkl;1.0;-497.0;493;True;True;10;50;50
./Envs/Test_6\Level_89.pkl;1.0;-598.0;504;True;True;10;50;50
./Envs/Test_6\Level_9.pkl;1.0;-532.0;365;True;True;10;50;50
./Envs/Test_6\Level_90.pkl;1.0;-491.0;502;True;True;10;50;50
./Envs/Test_6\Level_91.pkl;1.0;-455.0;311;True;True;10;50;50
./Envs/Test_6\Level_92.pkl;1.0;-501.0;423;True;True;10;50;50
./Envs/Test_6\Level_93.pkl;1.0;-514.0;658;True;True;10;50;50
./Envs/Test_6\Level_94.pkl;1.0;-498.0;364;True;True;10;50;50
./Envs/Test_6\Level_95.pkl;1.0;-464.0;370;True;True;10;50;50
./Envs/Test_6\Level_96.pkl;1.0;-499.0;352;True;True;10;50;50
./Envs/Test_6\Level_97.pkl;1.0;-539.0;342;True;True;10;50;50
./Envs/Test_6\Level_98.pkl;1.0;-452.0;274;True;True;10;50;50
./Envs/Test_6\Level_99.pkl;1.0;-579.0;457;True;True;10;50;50
./Envs/Test_7\Level_0.pkl;1.0;-2298.0;122996;False;True;40;50;50
./Envs/Test_7\Level_1.pkl;1.0;-2462.0;123959;False;True;40;50;50
./Envs/Test_7\Level_10.pkl;1.0;-2470.0;123788;False;True;40;50;50
./Envs/Test_7\Level_11.pkl;1.0;-2104.0;122667;False;True;40;50;50
./Envs/Test_7\Level_12.pkl;1.0;-2005.0;122536;False;True;40;50;50
./Envs/Test_7\Level_13.pkl;1.0;-2384.0;123077;False;True;40;50;50
./Envs/Test_7\Level_14.pkl;1.0;-2087.0;122704;False;True;40;50;50
./Envs/Test_7\Level_15.pkl;1.0;-2355.0;122844;False;True;40;50;50
./Envs/Test_7\Level_16.pkl;1.0;-2216.0;122674;False;True;40;50;50
./Envs/Test_7\Level_17.pkl;1.0;-2122.0;122468;False;True;40;50;50
./Envs/Test_7\Level_18.pkl;1.0;-2117.0;122722;False;True;40;50;50
./Envs/Test_7\Level_19.pkl;1.0;-2269.0;122318;False;True;40;50;50
./Envs/Test_7\Level_2.pkl;1.0;-2276.0;122585;False;True;40;50;50
./Envs/Test_7\Level_20.pkl;1.0;-2245.0;122528;False;True;40;50;50
./Envs/Test_7\Level_21.pkl;1.0;-2189.0;122293;False;True;40;50;50
./Envs/Test_7\Level_22.pkl;1.0;-2668.0;123138;False;True;40;50;50
./Envs/Test_7\Level_23.pkl;1.0;-2148.0;122668;False;True;40;50;50
./Envs/Test_7\Level_24.pkl;1.0;-2435.0;122705;False;True;40;50;50
./Envs/Test_7\Level_25.pkl;1.0;-2101.0;122158;False;True;40;50;50
./Envs/Test_7\Level_26.pkl;1.0;-2392.0;122497;False;True;40;50;50
./Envs/Test_7\Level_27.pkl;1.0;-2645.0;122981;False;True;40;50;50
./Envs/Test_7\Level_28.pkl;1.0;-2215.0;122533;False;True;40;50;50
./Envs/Test_7\Level_29.pkl;1.0;-2046.0;122540;False;True;40;50;50
./Envs/Test_7\Level_3.pkl;1.0;-2409.0;122407;False;True;40;50;50
./Envs/Test_7\Level_30.pkl;1.0;-1996.0;122404;False;True;40;50;50
./Envs/Test_7\Level_31.pkl;1.0;-2150.0;122770;False;True;40;50;50
./Envs/Test_7\Level_32.pkl;1.0;-2395.0;123044;False;True;40;50;50
./Envs/Test_7\Level_33.pkl;1.0;-2103.0;122424;False;True;40;50;50
./Envs/Test_7\Level_34.pkl;1.0;-2410.0;122817;False;True;40;50;50
./Envs/Test_7\Level_35.pkl;1.0;-2160.0;122198;False;True;40;50;50
./Envs/Test_7\Level_36.pkl;1.0;-2300.0;122650;False;True;40;50;50
./Envs/Test_7\Level_37.pkl;1.0;-2386.0;122808;False;True;40;50;50
./Envs/Test_7\Level_38.pkl;1.0;-2077.0;122621;False;True;40;50;50
./Envs/Test_7\Level_39.pkl;1.0;-2340.0;122272;False;True;40;50;50
./Envs/Test_7\Level_4.pkl;1.0;-2322.0;122868;False;True;40;50;50
./Envs/Test_7\Level_40.pkl;1.0;-2417.0;123131;False;True;40;50;50
./Envs/Test_7\Level_41.pkl;1.0;-2505.0;122786;False;True;40;50;50
./Envs/Test_7\Level_42.pkl;1.0;-2327.0;123203;False;True;40;50;50
./Envs/Test_7\Level_43.pkl;1.0;-2305.0;122891;False;True;40;50;50
./Envs/Test_7\Level_44.pkl;1.0;-2268.0;122821;False;True;40;50;50
./Envs/Test_7\Level_45.pkl;1.0;-2263.0;122735;False;True;40;50;50
./Envs/Test_7\Level_46.pkl;1.0;-2291.0;122470;False;True;40;50;50
./Envs/Test_7\Level_47.pkl;1.0;-2731.0;123909;False;True;40;50;50
./Envs/Test_7\Level_48.pkl;1.0;-1963.0;122539;False;True;40;50;50
./Envs/Test_7\Level_49.pkl;1.0;-2154.0;122660;False;True;40;50;50
./Envs/Test_7\Level_5.pkl;1.0;-2478.0;123163;False;True;40;50;50
./Envs/Test_7\Level_50.pkl;1.0;-2197.0;123086;False;True;40;50;50
./Envs/Test_7\Level_51.pkl;1.0;-2212.0;122654;False;True;40;50;50
./Envs/Test_7\Level_52.pkl;1.0;-2119.0;122511;False;True;40;50;50
./Envs/Test_7\Level_53.pkl;1.0;-2075.0;122410;False;True;40;50;50
./Envs/Test_7\Level_54.pkl;1.0;-2269.0;122704;False;True;40;50;50
./Envs/Test_7\Level_55.pkl;1.0;-2291.0;122739;False;True;40;50;50
./Envs/Test_7\Level_56.pkl;1.0;-2288.0;122668;False;True;40;50;50
./Envs/Test_7\Level_57.pkl;1.0;-2233.0;122831;False;True;40;50;50
./Envs/Test_7\Level_58.pkl;1.0;-2219.0;123004;False;True;40;50;50
./Envs/Test_7\Level_59.pkl;1.0;-2061.0;122744;False;True;40;50;50
./Envs/Test_7\Level_6.pkl;1.0;-2363.0;123231;False;True;40;50;50
./Envs/Test_7\Level_60.pkl;1.0;-2391.0;122351;False;True;40;50;50
./Envs/Test_7\Level_61.pkl;1.0;-2131.0;122833;False;True;40;50;50
./Envs/Test_7\Level_62.pkl;1.0;-2433.0;123118;False;True;40;50;50
./Envs/Test_7\Level_63.pkl;1.0;-2202.0;122879;False;True;40;50;50
./Envs/Test_7\Level_64.pkl;1.0;-2297.0;122491;False;True;40;50;50
./Envs/Test_7\Level_65.pkl;1.0;-2231.0;122758;False;True;40;50;50
./Envs/Test_7\Level_66.pkl;1.0;-2466.0;122576;False;True;40;50;50
./Envs/Test_7\Level_67.pkl;1.0;-2268.0;122829;False;True;40;50;50
./Envs/Test_7\Level_68.pkl;1.0;-2378.0;122958;False;True;40;50;50
./Envs/Test_7\Level_69.pkl;1.0;-2269.0;122898;False;True;40;50;50
./Envs/Test_7\Level_7.pkl;1.0;-2150.0;69395;True;True;40;50;50
./Envs/Test_7\Level_70.pkl;1.0;-2145.0;122367;False;True;40;50;50
./Envs/Test_7\Level_71.pkl;1.0;-2136.0;122708;False;True;40;50;50
./Envs/Test_7\Level_72.pkl;1.0;-2402.0;123148;False;True;40;50;50
./Envs/Test_7\Level_73.pkl;1.0;-2370.0;123137;False;True;40;50;50
./Envs/Test_7\Level_74.pkl;1.0;-2203.0;122570;False;True;40;50;50
./Envs/Test_7\Level_75.pkl;1.0;-2444.0;123230;False;True;40;50;50
./Envs/Test_7\Level_76.pkl;1.0;-2520.0;599942;True;True;40;50;50
./Envs/Test_7\Level_77.pkl;1.0;-2377.0;122844;False;True;40;50;50
./Envs/Test_7\Level_78.pkl;1.0;-2113.0;122848;False;True;40;50;50
./Envs/Test_7\Level_79.pkl;1.0;-2404.0;122880;False;True;40;50;50
./Envs/Test_7\Level_8.pkl;1.0;-2406.0;122633;False;True;40;50;50
./Envs/Test_7\Level_80.pkl;1.0;-2291.0;123150;False;True;40;50;50
./Envs/Test_7\Level_81.pkl;1.0;-2688.0;122626;False;True;40;50;50
./Envs/Test_7\Level_82.pkl;1.0;-2299.0;122638;False;True;40;50;50
./Envs/Test_7\Level_83.pkl;1.0;-2415.0;123018;False;True;40;50;50
./Envs/Test_7\Level_84.pkl;1.0;-2216.0;122764;False;True;40;50;50
./Envs/Test_7\Level_85.pkl;1.0;-2260.0;123023;False;True;40;50;50
./Envs/Test_7\Level_86.pkl;1.0;-2202.0;123067;False;True;40;50;50
./Envs/Test_7\Level_87.pkl;1.0;-2197.0;122940;False;True;40;50;50
./Envs/Test_7\Level_88.pkl;1.0;-2243.0;123339;False;True;40;50;50
./Envs/Test_7\Level_89.pkl;1.0;-2200.0;122812;False;True;40;50;50
./Envs/Test_7\Level_9.pkl;1.0;-2218.0;122767;False;True;40;50;50
./Envs/Test_7\Level_90.pkl;1.0;-2231.0;122846;False;True;40;50;50
./Envs/Test_7\Level_91.pkl;1.0;-2262.0;122943;False;True;40;50;50
./Envs/Test_7\Level_92.pkl;1.0;-2287.0;122976;False;True;40;50;50
./Envs/Test_7\Level_93.pkl;1.0;-2256.0;123158;False;True;40;50;50
./Envs/Test_7\Level_94.pkl;1.0;-2414.0;122603;False;True;40;50;50
./Envs/Test_7\Level_95.pkl;1.0;-2219.0;122334;False;True;40;50;50
./Envs/Test_7\Level_96.pkl;1.0;-2431.0;122710;False;True;40;50;50
./Envs/Test_7\Level_97.pkl;1.0;-2564.0;122533;False;True;40;50;50
./Envs/Test_7\Level_98.pkl;1.0;-2189.0;122846;False;True;40;50;50
./Envs/Test_7\Level_99.pkl;1.0;-2399.0;122982;False;True;40;50;50
./Envs/Test_8\Level_0.pkl;1.0;-619.0;445;True;True;10;50;100
./Envs/Test_8\Level_1.pkl;1.0;-638.0;419;True;True;10;50;100
./Envs/Test_8\Level_10.pkl;1.0;-602.0;356;True;True;10;50;100
./Envs/Test_8\Level_11.pkl;1.0;-522.0;335;True;True;10;50;100
./Envs/Test_8\Level_12.pkl;1.0;-535.0;331;True;True;10;50;100
./Envs/Test_8\Level_13.pkl;1.0;-731.0;584;True;True;10;50;100
./Envs/Test_8\Level_14.pkl;1.0;-703.0;572;True;True;10;50;100
./Envs/Test_8\Level_15.pkl;1.0;-764.0;600;True;True;10;50;100
./Envs/Test_8\Level_16.pkl;1.0;-646.0;462;True;True;10;50;100
./Envs/Test_8\Level_17.pkl;1.0;-680.0;496;True;True;10;50;100
./Envs/Test_8\Level_18.pkl;1.0;-668.0;462;True;True;10;50;100
./Envs/Test_8\Level_19.pkl;1.0;-640.0;447;True;True;10;50;100
./Envs/Test_8\Level_2.pkl;1.0;-622.0;456;True;True;10;50;100
./Envs/Test_8\Level_20.pkl;1.0;-510.0;285;True;True;10;50;100
./Envs/Test_8\Level_21.pkl;1.0;-643.0;461;True;True;10;50;100
./Envs/Test_8\Level_22.pkl;1.0;-621.0;422;True;True;10;50;100
./Envs/Test_8\Level_23.pkl;1.0;-628.0;430;True;True;10;50;100
./Envs/Test_8\Level_24.pkl;1.0;-628.0;419;True;True;10;50;100
./Envs/Test_8\Level_25.pkl;1.0;-742.0;630;True;True;10;50;100
./Envs/Test_8\Level_26.pkl;1.0;-706.0;531;True;True;10;50;100
./Envs/Test_8\Level_27.pkl;1.0;-724.0;587;True;True;10;50;100
./Envs/Test_8\Level_28.pkl;1.0;-665.0;539;True;True;10;50;100
./Envs/Test_8\Level_29.pkl;1.0;-578.0;399;True;True;10;50;100
./Envs/Test_8\Level_3.pkl;1.0;-698.0;545;True;True;10;50;100
./Envs/Test_8\Level_30.pkl;1.0;-517.0;341;True;True;10;50;100
./Envs/Test_8\Level_31.pkl;1.0;-642.0;433;True;True;10;50;100
./Envs/Test_8\Level_32.pkl;1.0;-645.0;460;True;True;10;50;100
./Envs/Test_8\Level_33.pkl;1.0;-645.0;449;True;True;10;50;100
./Envs/Test_8\Level_34.pkl;1.0;-762.0;679;True;True;10;50;100
./Envs/Test_8\Level_35.pkl;1.0;-617.0;452;True;True;10;50;100
./Envs/Test_8\Level_36.pkl;1.0;-697.0;499;True;True;10;50;100
./Envs/Test_8\Level_37.pkl;1.0;-632.0;481;True;True;10;50;100
./Envs/Test_8\Level_38.pkl;1.0;-760.0;697;True;True;10;50;100
./Envs/Test_8\Level_39.pkl;1.0;-657.0;449;True;True;10;50;100
./Envs/Test_8\Level_4.pkl;1.0;-650.0;453;True;True;10;50;100
./Envs/Test_8\Level_40.pkl;1.0;-574.0;382;True;True;10;50;100
./Envs/Test_8\Level_41.pkl;1.0;-594.0;385;True;True;10;50;100
./Envs/Test_8\Level_42.pkl;1.0;-628.0;374;True;True;10;50;100
./Envs/Test_8\Level_43.pkl;1.0;-675.0;470;True;True;10;50;100
./Envs/Test_8\Level_44.pkl;1.0;-668.0;434;True;True;10;50;100
./Envs/Test_8\Level_45.pkl;1.0;-675.0;468;True;True;10;50;100
./Envs/Test_8\Level_46.pkl;1.0;-573.0;367;True;True;10;50;100
./Envs/Test_8\Level_47.pkl;1.0;-575.0;379;True;True;10;50;100
./Envs/Test_8\Level_48.pkl;1.0;-658.0;455;True;True;10;50;100
./Envs/Test_8\Level_49.pkl;1.0;-589.0;370;True;True;10;50;100
./Envs/Test_8\Level_5.pkl;1.0;-619.0;431;True;True;10;50;100
./Envs/Test_8\Level_50.pkl;1.0;-655.0;420;True;True;10;50;100
./Envs/Test_8\Level_51.pkl;1.0;-585.0;406;True;True;10;50;100
./Envs/Test_8\Level_52.pkl;1.0;-771.0;821;True;True;10;50;100
./Envs/Test_8\Level_53.pkl;1.0;-777.0;626;True;True;10;50;100
./Envs/Test_8\Level_54.pkl;1.0;-552.0;295;True;True;10;50;100
./Envs/Test_8\Level_55.pkl;1.0;-641.0;430;True;True;10;50;100
./Envs/Test_8\Level_56.pkl;1.0;-593.0;343;True;True;10;50;100
./Envs/Test_8\Level_57.pkl;1.0;-742.0;539;True;True;10;50;100
./Envs/Test_8\Level_58.pkl;1.0;-589.0;350;True;True;10;50;100
./Envs/Test_8\Level_59.pkl;1.0;-815.0;701;True;True;10;50;100
./Envs/Test_8\Level_6.pkl;1.0;-554.0;323;True;True;10;50;100
./Envs/Test_8\Level_60.pkl;1.0;-812.0;621;True;True;10;50;100
./Envs/Test_8\Level_61.pkl;1.0;-573.0;363;True;True;10;50;100
./Envs/Test_8\Level_62.pkl;1.0;-584.0;377;True;True;10;50;100
./Envs/Test_8\Level_63.pkl;1.0;-704.0;515;True;True;10;50;100
./Envs/Test_8\Level_64.pkl;1.0;-687.0;475;True;True;10;50;100
./Envs/Test_8\Level_65.pkl;1.0;-639.0;450;True;True;10;50;100
./Envs/Test_8\Level_66.pkl;1.0;-595.0;363;True;True;10;50;100
./Envs/Test_8\Level_67.pkl;1.0;-604.0;359;True;True;10;50;100
./Envs/Test_8\Level_68.pkl;1.0;-533.0;274;True;True;10;50;100
./Envs/Test_8\Level_69.pkl;1.0;-745.0;579;True;True;10;50;100
./Envs/Test_8\Level_7.pkl;1.0;-677.0;453;True;True;10;50;100
./Envs/Test_8\Level_70.pkl;1.0;-708.0;479;True;True;10;50;100
./Envs/Test_8\Level_71.pkl;1.0;-704.0;466;True;True;10;50;100
./Envs/Test_8\Level_72.pkl;1.0;-590.0;362;True;True;10;50;100
./Envs/Test_8\Level_73.pkl;1.0;-683.0;459;True;True;10;50;100
./Envs/Test_8\Level_74.pkl;1.0;-655.0;505;True;True;10;50;100
./Envs/Test_8\Level_75.pkl;1.0;-631.0;419;True;True;10;50;100
./Envs/Test_8\Level_76.pkl;1.0;-650.0;531;True;True;10;50;100
./Envs/Test_8\Level_77.pkl;1.0;-565.0;353;True;True;10;50;100
./Envs/Test_8\Level_78.pkl;1.0;-670.0;472;True;True;10;50;100
./Envs/Test_8\Level_79.pkl;1.0;-699.0;534;True;True;10;50;100
./Envs/Test_8\Level_8.pkl;1.0;-750.0;657;True;True;10;50;100
./Envs/Test_8\Level_80.pkl;1.0;-833.0;673;True;True;10;50;100
./Envs/Test_8\Level_81.pkl;1.0;-761.0;673;True;True;10;50;100
./Envs/Test_8\Level_82.pkl;1.0;-608.0;372;True;True;10;50;100
./Envs/Test_8\Level_83.pkl;1.0;-623.0;460;True;True;10;50;100
./Envs/Test_8\Level_84.pkl;1.0;-671.0;448;True;True;10;50;100
./Envs/Test_8\Level_85.pkl;1.0;-710.0;621;True;True;10;50;100
./Envs/Test_8\Level_86.pkl;1.0;-661.0;413;True;True;10;50;100
./Envs/Test_8\Level_87.pkl;1.0;-695.0;475;True;True;10;50;100
./Envs/Test_8\Level_88.pkl;1.0;-555.0;375;True;True;10;50;100
./Envs/Test_8\Level_89.pkl;1.0;-651.0;471;True;True;10;50;100
./Envs/Test_8\Level_9.pkl;1.0;-666.0;434;True;True;10;50;100
./Envs/Test_8\Level_90.pkl;1.0;-723.0;516;True;True;10;50;100
./Envs/Test_8\Level_91.pkl;1.0;-844.0;1228;True;True;10;50;100
./Envs/Test_8\Level_92.pkl;1.0;-631.0;368;True;True;10;50;100
./Envs/Test_8\Level_93.pkl;1.0;-759.0;569;True;True;10;50;100
./Envs/Test_8\Level_94.pkl;1.0;-561.0;327;True;True;10;50;100
./Envs/Test_8\Level_95.pkl;1.0;-666.0;434;True;True;10;50;100
./Envs/Test_8\Level_96.pkl;1.0;-602.0;417;True;True;10;50;100
./Envs/Test_8\Level_97.pkl;1.0;-695.0;460;True;True;10;50;100
./Envs/Test_8\Level_98.pkl;1.0;-567.0;310;True;True;10;50;100
./Envs/Test_8\Level_99.pkl;1.0;-561.0;339;True;True;10;50;100
./Envs/Test_9/Level_0.pkl;1.0;-5689.0;596092;True;True;50;100;100
./Envs/Test_9/Level_1.pkl;1.0;-5849.0;616319;False;True;50;100;100
./Envs/Test_9/Level_10.pkl;1.0;-5825.0;617915;False;True;50;100;100
./Envs/Test_9/Level_11.pkl;1.0;-5471.0;619776;False;True;50;100;100
./Envs/Test_9/Level_12.pkl;1.0;-7743.0;618609;False;True;50;100;100
./Envs/Test_9/Level_13.pkl;1.0;-6055.0;615840;False;True;50;100;100
./Envs/Test_9/Level_14.pkl;1.0;-5876.0;614589;False;True;50;100;100
./Envs/Test_9/Level_15.pkl;1.0;-5322.0;613837;False;True;50;100;100
./Envs/Test_9/Level_16.pkl;1.0;-5839.0;615013;False;True;50;100;100
./Envs/Test_9/Level_17.pkl;1.0;-6580.0;616509;False;True;50;100;100
./Envs/Test_9/Level_18.pkl;1.0;-6370.0;615970;False;True;50;100;100
./Envs/Test_9/Level_19.pkl;1.0;-6420.0;618895;False;True;50;100;100
./Envs/Test_9/Level_2.pkl;1.0;-5450.0;617329;False;True;50;100;100
./Envs/Test_9/Level_20.pkl;1.0;-6029.0;616989;False;True;50;100;100
./Envs/Test_9/Level_21.pkl;1.0;-5579.0;616024;False;True;50;100;100
./Envs/Test_9/Level_22.pkl;1.0;-6468.0;598896;True;True;50;100;100
./Envs/Test_9/Level_23.pkl;1.0;-6771.0;1200061;True;True;50;100;100
./Envs/Test_9/Level_24.pkl;1.0;-5626.0;616857;False;True;50;100;100
./Envs/Test_9/Level_25.pkl;1.0;-5885.0;617558;False;True;50;100;100
./Envs/Test_9/Level_26.pkl;1.0;-5698.0;615653;False;True;50;100;100
./Envs/Test_9/Level_27.pkl;1.0;-5718.0;617386;False;True;50;100;100
./Envs/Test_9/Level_28.pkl;1.0;-6179.0;617516;False;True;50;100;100
./Envs/Test_9/Level_29.pkl;1.0;-6621.0;619979;False;True;50;100;100
./Envs/Test_9/Level_3.pkl;1.0;-6304.0;618546;False;True;50;100;100
./Envs/Test_9/Level_30.pkl;1.0;-5976.0;618084;False;True;50;100;100
./Envs/Test_9/Level_31.pkl;1.0;-7159.0;619632;False;True;50;100;100
./Envs/Test_9/Level_32.pkl;1.0;-6224.0;617636;False;True;50;100;100
./Envs/Test_9/Level_33.pkl;1.0;-5738.0;616796;False;True;50;100;100
./Envs/Test_9/Level_34.pkl;1.0;-5385.0;615637;False;True;50;100;100
./Envs/Test_9/Level_35.pkl;1.0;-5634.0;616155;False;True;50;100;100
./Envs/Test_9/Level_36.pkl;1.0;-5803.0;616569;False;True;50;100;100
./Envs/Test_9/Level_37.pkl;1.0;-5401.0;615496;False;True;50;100;100
./Envs/Test_9/Level_38.pkl;1.0;-5418.0;616166;False;True;50;100;100
./Envs/Test_9/Level_39.pkl;1.0;-6568.0;597150;True;True;50;100;100
./Envs/Test_9/Level_4.pkl;1.0;-6628.0;625747;False;True;50;100;100
./Envs/Test_9/Level_40.pkl;1.0;-5885.0;626537;False;True;50;100;100
./Envs/Test_9/Level_41.pkl;1.0;-5899.0;626079;False;True;50;100;100
./Envs/Test_9/Level_42.pkl;1.0;-5689.0;623640;False;True;50;100;100
./Envs/Test_9/Level_43.pkl;1.0;-6389.0;627820;False;True;50;100;100
./Envs/Test_9/Level_44.pkl;1.0;-5636.0;626593;False;True;50;100;100
./Envs/Test_9/Level_45.pkl;1.0;-6282.0;628367;False;True;50;100;100
./Envs/Test_9/Level_46.pkl;1.0;-5084.0;623839;False;True;50;100;100
./Envs/Test_9/Level_47.pkl;1.0;-6364.0;625915;False;True;50;100;100
./Envs/Test_9/Level_48.pkl;1.0;-6368.0;627705;False;True;50;100;100
./Envs/Test_9/Level_49.pkl;1.0;-5936.0;625460;False;True;50;100;100
./Envs/Test_9/Level_5.pkl;1.0;-5695.0;593342;True;True;50;100;100
./Envs/Test_9/Level_50.pkl;1.0;-6491.0;1778192;True;True;50;100;100
./Envs/Test_9/Level_51.pkl;1.0;-6892.0;1863980;False;True;50;100;100
./Envs/Test_9/Level_52.pkl;1.0;-6217.0;625996;False;True;50;100;100
./Envs/Test_9/Level_53.pkl;1.0;-5702.0;624292;False;True;50;100;100
./Envs/Test_9/Level_54.pkl;1.0;-7078.0;1863679;False;True;50;100;100
./Envs/Test_9/Level_55.pkl;1.0;-6158.0;624157;False;True;50;100;100
./Envs/Test_9/Level_56.pkl;1.0;-5576.0;3601359;True;True;50;100;100
./Envs/Test_9/Level_57.pkl;1.0;-5597.0;624896;False;True;50;100;100
./Envs/Test_9/Level_58.pkl;1.0;-6386.0;625032;False;True;50;100;100
./Envs/Test_9/Level_59.pkl;1.0;-6087.0;1845818;False;True;50;100;100
./Envs/Test_9/Level_6.pkl;1.0;-6353.0;623588;False;True;50;100;100
./Envs/Test_9/Level_60.pkl;1.0;-5501.0;624130;False;True;50;100;100
./Envs/Test_9/Level_61.pkl;1.0;-6011.0;1854279;False;True;50;100;100
./Envs/Test_9/Level_62.pkl;1.0;-5793.0;625889;False;True;50;100;100
./Envs/Test_9/Level_63.pkl;1.0;-5947.0;624451;False;True;50;100;100
./Envs/Test_9/Level_64.pkl;1.0;-6100.0;625585;False;True;50;100;100
./Envs/Test_9/Level_65.pkl;1.0;-5925.0;1844451;False;True;50;100;100
./Envs/Test_9/Level_66.pkl;1.0;-6153.0;652206;False;True;50;100;100
./Envs/Test_9/Level_67.pkl;1.0;-7104.0;1853069;False;True;50;100;100
./Envs/Test_9/Level_68.pkl;1.0;-5495.0;1846643;False;True;50;100;100
./Envs/Test_9/Level_69.pkl;1.0;-6438.0;1852448;False;True;50;100;100
./Envs/Test_9/Level_7.pkl;1.0;-5494.0;1246946;False;True;50;100;100
./Envs/Test_9/Level_70.pkl;1.0;-5099.0;1845163;False;True;50;100;100
./Envs/Test_9/Level_71.pkl;1.0;-5832.0;1250439;False;True;50;100;100
./Envs/Test_9/Level_72.pkl;1.0;-5505.0;1222470;True;True;50;100;100
./Envs/Test_9/Level_73.pkl;1.0;-5639.0;1246729;False;True;50;100;100
./Envs/Test_9/Level_74.pkl;1.0;-6713.0;1848107;False;True;50;100;100
./Envs/Test_9/Level_75.pkl;1.0;-5415.0;1244501;False;True;50;100;100
./Envs/Test_9/Level_76.pkl;1.0;-6051.0;1249648;False;True;50;100;100
./Envs/Test_9/Level_77.pkl;1.0;-5254.0;3617240;False;True;50;100;100
./Envs/Test_9/Level_78.pkl;1.0;-5693.0;1246594;False;True;50;100;100
./Envs/Test_9/Level_79.pkl;1.0;-6266.0;1243277;False;True;50;100;100
./Envs/Test_9/Level_8.pkl;1.0;-5875.0;1192912;True;True;50;100;100
./Envs/Test_9/Level_80.pkl;1.0;-5851.0;1225254;False;True;50;100;100
./Envs/Test_9/Level_81.pkl;1.0;-5804.0;1225856;False;True;50;100;100
./Envs/Test_9/Level_82.pkl;1.0;-5782.0;1226183;False;True;50;100;100
./Envs/Test_9/Level_83.pkl;1.0;-5697.0;1225482;False;True;50;100;100
./Envs/Test_9/Level_84.pkl;1.0;-5803.0;1225606;False;True;50;100;100
./Envs/Test_9/Level_85.pkl;1.0;-5415.0;1224432;False;True;50;100;100
./Envs/Test_9/Level_86.pkl;1.0;-5711.0;1225441;False;True;50;100;100
./Envs/Test_9/Level_87.pkl;1.0;-5321.0;1225024;False;True;50;100;100
./Envs/Test_9/Level_88.pkl;1.0;-5693.0;1224716;False;True;50;100;100
./Envs/Test_9/Level_89.pkl;1.0;-6617.0;1227971;False;True;50;100;100
./Envs/Test_9/Level_9.pkl;1.0;-6323.0;3617028;False;True;50;100;100
./Envs/Test_9/Level_90.pkl;1.0;-5869.0;1226468;False;True;50;100;100
./Envs/Test_9/Level_91.pkl;1.0;-5535.0;3615634;False;True;50;100;100
./Envs/Test_9/Level_92.pkl;0.5;-6409.0;55028;False;True;50;100;100
./Envs/Test_9/Level_93.pkl;1.0;-6324.0;1225568;False;True;50;100;100
./Envs/Test_9/Level_94.pkl;1.0;-6013.0;1227065;False;True;50;100;100
./Envs/Test_9/Level_95.pkl;1.0;-5831.0;1224666;False;True;50;100;100
./Envs/Test_9/Level_96.pkl;1.0;-5583.0;1225945;False;True;50;100;100
./Envs/Test_9/Level_97.pkl;1.0;-6101.0;1225931;False;True;50;100;100
./Envs/Test_9/Level_98.pkl;1.0;-6059.0;1226448;False;True;50;100;100
./Envs/Test_9/Level_99.pkl;1.0;-5548.0;1225653;False;True;50;100;100
